Date,Currency,Pair,Open,High,Low,Close,Volume
2024-07-08 00:00:00+01:00,VND,VND/USD,3.935148924938403e-05,3.937007932108827e-05,3.928964360966347e-05,3.935148924938403e-05,0
2024-07-09 00:00:00+01:00,VND,VND/USD,3.9346843550447375e-05,3.9354585169348866e-05,3.930045204469934e-05,3.9346843550447375e-05,0
2024-07-10 00:00:00+01:00,VND,VND/USD,3.934993947041221e-05,3.9354585169348866e-05,3.930045204469934e-05,3.934993947041221e-05,0
2024-07-11 00:00:00+01:00,VND,VND/USD,3.9346843550447375e-05,3.934993947041221e-05,3.9331367588602006e-05,3.9346843550447375e-05,0
2024-07-12 00:00:00+01:00,VND,VND/USD,3.9339101931545883e-05,3.9354585169348866e-05,3.930045204469934e-05,3.9339101931545883e-05,0
2024-07-15 00:00:00+01:00,VND,VND/USD,3.9354585169348866e-05,3.943217598134652e-05,3.9339101931545883e-05,3.9354585169348866e-05,0
2024-07-16 00:00:00+01:00,VND,VND/USD,3.943217598134652e-05,3.943217598134652e-05,3.9331367588602006e-05,3.943217598134652e-05,0
2024-07-17 00:00:00+01:00,VND,VND/USD,3.940886745112948e-05,3.951007602154277e-05,3.940886745112948e-05,3.940886745112948e-05,0
2024-07-18 00:00:00+01:00,VND,VND/USD,3.950227255700156e-05,3.9574180846102536e-05,3.941663453588262e-05,3.950227255700156e-05,0
2024-07-19 00:00:00+01:00,VND,VND/USD,3.951007602154277e-05,3.951007602154277e-05,3.941197428503074e-05,3.951007602154277e-05,0
2024-07-22 00:00:00+01:00,VND,VND/USD,3.952569022658281e-05,3.952569022658281e-05,3.946329889004119e-05,3.952569022658281e-05,0
2024-07-23 00:00:00+01:00,VND,VND/USD,3.948667290387675e-05,3.948667290387675e-05,3.943995398003608e-05,3.948667290387675e-05,0
2024-07-24 00:00:00+01:00,VND,VND/USD,3.945551361539401e-05,3.945551361539401e-05,3.9353035390377045e-05,3.945551361539401e-05,0
2024-07-25 00:00:00+01:00,VND,VND/USD,3.944773197872564e-05,3.9549140637973323e-05,3.940886745112948e-05,3.944773197872564e-05,0
2024-07-26 00:00:00+01:00,VND,VND/USD,3.9549140637973323e-05,3.9541318983538076e-05,3.9475762605434284e-05,3.9549140637973323e-05,0
2024-07-29 00:00:00+01:00,VND,VND/USD,3.952569022658281e-05,3.9572616515215486e-05,3.947888035327196e-05,3.952569022658281e-05,0
2024-07-30 00:00:00+01:00,VND,VND/USD,3.9564787584822625e-05,3.958828165195882e-05,3.9541318983538076e-05,3.9564787584822625e-05,0
2024-07-31 00:00:00+01:00,VND,VND/USD,3.9564787584822625e-05,3.965106952819042e-05,3.949446909246035e-05,3.9564787584822625e-05,0
2024-08-01 00:00:00+01:00,VND,VND/USD,3.962750270147808e-05,3.970617399318144e-05,3.962750270147808e-05,3.962750270147808e-05,0
2024-08-02 00:00:00+01:00,VND,VND/USD,3.965893483837135e-05,3.9698294131085277e-05,3.96432114939671e-05,3.965893483837135e-05,0
2024-08-05 00:00:00+01:00,VND,VND/USD,3.967466909671202e-05,3.990422919741832e-05,3.967466909671202e-05,3.967466909671202e-05,0
2024-08-06 00:00:00+01:00,VND,VND/USD,3.9872407796792686e-05,3.992015990661457e-05,3.977724918513559e-05,3.9872407796792686e-05,0
2024-08-07 00:00:00+01:00,VND,VND/USD,3.979307439294644e-05,3.9840637327870354e-05,3.9725102396914735e-05,3.979307439294644e-05,0
2024-08-08 00:00:00+01:00,VND,VND/USD,3.975352956331335e-05,3.982477210229263e-05,3.975352956331335e-05,3.975352956331335e-05,0
2024-08-09 00:00:00+01:00,VND,VND/USD,3.978516178904101e-05,3.985651710536331e-05,3.976143125328235e-05,3.978516178904101e-05,0
2024-08-12 00:00:00+01:00,VND,VND/USD,3.985651710536331e-05,3.98962692997884e-05,3.9800994272809476e-05,3.985651710536331e-05,0
2024-08-13 00:00:00+01:00,VND,VND/USD,3.980891779065132e-05,3.9872407796792686e-05,3.9800994272809476e-05,3.980891779065132e-05,0
2024-08-14 00:00:00+01:00,VND,VND/USD,3.981684130849317e-05,3.996802479377948e-05,3.980891779065132e-05,3.981684130849317e-05,0
2024-08-15 00:00:00+01:00,VND,VND/USD,3.996802479377948e-05,3.996802479377948e-05,3.992813071818091e-05,3.996802479377948e-05,0
2024-08-16 00:00:00+01:00,VND,VND/USD,3.99440796172712e-05,3.99440796172712e-05,3.986604860983789e-05,3.99440796172712e-05,0
2024-08-19 00:00:00+01:00,VND,VND/USD,3.992015990661457e-05,4.006410381407477e-05,3.989786273450591e-05,3.992015990661457e-05,0
2024-08-20 00:00:00+01:00,VND,VND/USD,4.006410381407477e-05,4.015257945866324e-05,4.006410381407477e-05,4.006410381407477e-05,0
2024-08-21 00:00:00+01:00,VND,VND/USD,4.0136463212547824e-05,4.0168710256693885e-05,4.010427073808387e-05,4.0136463212547824e-05,0
2024-08-22 00:00:00+01:00,VND,VND/USD,4.011231430922635e-05,4.0160641219699755e-05,4.0056078432826325e-05,4.011231430922635e-05,0
2024-08-23 00:00:00+01:00,VND,VND/USD,4.006410381407477e-05,4.011231430922635e-05,3.998400643467903e-05,4.006410381407477e-05,0
2024-08-26 00:00:00+01:00,VND,VND/USD,4.0056078432826325e-05,4.0257647924590856e-05,4.0056078432826325e-05,4.0056078432826325e-05,0
2024-08-27 00:00:00+01:00,VND,VND/USD,4.0225262637250125e-05,4.0322582208318636e-05,4.0225262637250125e-05,4.0225262637250125e-05,0
2024-08-28 00:00:00+01:00,VND,VND/USD,4.029008778161369e-05,4.0301456465385854e-05,4.018485196866095e-05,4.029008778161369e-05,0
2024-08-29 00:00:00+01:00,VND,VND/USD,4.02333535021171e-05,4.029008778161369e-05,4.0168710256693885e-05,4.02333535021171e-05,0
2024-08-30 00:00:00+01:00,VND,VND/USD,4.0209088183473796e-05,4.0225262637250125e-05,4.0176779293688014e-05,4.0209088183473796e-05,0
2024-09-02 00:00:00+01:00,VND,VND/USD,4.0225262637250125e-05,4.0225262637250125e-05,4.0225262637250125e-05,4.0225262637250125e-05,0
2024-09-03 00:00:00+01:00,VND,VND/USD,4.0225262637250125e-05,4.0225262637250125e-05,4.0225262637250125e-05,4.0225262637250125e-05,0
2024-09-04 00:00:00+01:00,VND,VND/USD,4.0225262637250125e-05,4.0257647924590856e-05,4.018485196866095e-05,4.0225262637250125e-05,0
2024-09-05 00:00:00+01:00,VND,VND/USD,4.0238210203824565e-05,4.045307287015021e-05,4.0238210203824565e-05,4.0238210203824565e-05,0
2024-09-06 00:00:00+01:00,VND,VND/USD,4.0436716517433524e-05,4.0700040699448436e-05,4.0436716517433524e-05,4.0436716517433524e-05,0
2024-09-09 00:00:00+01:00,VND,VND/USD,4.0650407754583284e-05,4.0650407754583284e-05,4.051864016219042e-05,4.0650407754583284e-05,0
2024-09-10 00:00:00+01:00,VND,VND/USD,4.051864016219042e-05,4.062563311890699e-05,4.050222923979163e-05,4.051864016219042e-05,0
2024-09-11 00:00:00+01:00,VND,VND/USD,4.055150202475488e-05,4.076640834682621e-05,4.055150202475488e-05,4.055150202475488e-05,0
2024-09-12 00:00:00+01:00,VND,VND/USD,4.073319723829627e-05,4.079135396750644e-05,4.067520785611123e-05,4.073319723829627e-05,0
2024-09-13 00:00:00+01:00,VND,VND/USD,4.0691760659683496e-05,4.079135396750644e-05,4.068348425789736e-05,4.0691760659683496e-05,0
2024-09-16 00:00:00+01:00,VND,VND/USD,4.076640834682621e-05,4.076640834682621e-05,4.062893640366383e-05,4.076640834682621e-05,0
2024-09-17 00:00:00+01:00,VND,VND/USD,4.076640834682621e-05,4.076640834682621e-05,4.061738582095131e-05,4.076640834682621e-05,0
2024-09-18 00:00:00+01:00,VND,VND/USD,4.061738582095131e-05,4.0650407754583284e-05,4.051864016219042e-05,4.061738582095131e-05,0
2024-09-19 00:00:00+01:00,VND,VND/USD,4.0650407754583284e-05,4.071661169291474e-05,4.055150202475488e-05,4.0650407754583284e-05,0
2024-09-20 00:00:00+01:00,VND,VND/USD,4.0708324377192184e-05,4.078303390997462e-05,4.0650407754583284e-05,4.0708324377192184e-05,0
2024-09-23 00:00:00+01:00,VND,VND/USD,4.066693873028271e-05,4.076807090314105e-05,4.061738582095131e-05,4.066693873028271e-05,0
2024-09-24 00:00:00+01:00,VND,VND/USD,4.062563311890699e-05,4.068348425789736e-05,4.058441481902264e-05,4.062563311890699e-05,0
2024-09-25 00:00:00+01:00,VND,VND/USD,4.066693873028271e-05,4.076640834682621e-05,4.066693873028271e-05,4.066693873028271e-05,0
2024-09-26 00:00:00+01:00,VND,VND/USD,4.068348425789736e-05,4.068348425789736e-05,4.0609138522995636e-05,4.068348425789736e-05,0
2024-09-27 00:00:00+01:00,VND,VND/USD,4.062563311890699e-05,4.068348425789736e-05,4.0609138522995636e-05,4.062563311890699e-05,0
2024-09-30 00:00:00+01:00,VND,VND/USD,4.066693873028271e-05,4.074979733559303e-05,4.066693873028271e-05,4.066693873028271e-05,0
2024-10-01 00:00:00+01:00,VND,VND/USD,4.07249026466161e-05,4.07249026466161e-05,4.064214590471238e-05,4.07249026466161e-05,0
2024-10-02 00:00:00+01:00,VND,VND/USD,4.065866960445419e-05,4.066859037266113e-05,4.055150202475488e-05,4.065866960445419e-05,0
2024-10-03 00:00:00+01:00,VND,VND/USD,4.056466059410013e-05,4.056466059410013e-05,4.0404040191788226e-05,4.056466059410013e-05,0
2024-10-04 00:00:00+01:00,VND,VND/USD,4.041220381623134e-05,4.0461258322466165e-05,4.038772385683842e-05,4.041220381623134e-05,0
2024-10-07 00:00:00+01:00,VND,VND/USD,4.039588020532392e-05,4.039588020532392e-05,4.0241448004962876e-05,4.039588020532392e-05,0
2024-10-08 00:00:00+01:00,VND,VND/USD,4.0257647924590856e-05,4.028197508887388e-05,4.0241448004962876e-05,4.0257647924590856e-05,0
2024-10-09 00:00:00+01:00,VND,VND/USD,4.0265753341373056e-05,4.0322582208318636e-05,4.0257647924590856e-05,4.0265753341373056e-05,0
2024-10-10 00:00:00+01:00,VND,VND/USD,4.0273862396134064e-05,4.029008778161369e-05,4.02333535021171e-05,4.0273862396134064e-05,0
2024-10-11 00:00:00+01:00,VND,VND/USD,4.0273862396134064e-05,4.0322582208318636e-05,4.023982910439372e-05,4.0273862396134064e-05,0
2024-10-14 00:00:00+01:00,VND,VND/USD,4.0322582208318636e-05,4.0314451325684786e-05,4.024954614578746e-05,4.0322582208318636e-05,0
2024-10-15 00:00:00+01:00,VND,VND/USD,4.0257647924590856e-05,4.0273862396134064e-05,4.0083374187815934e-05,4.0257647924590856e-05,0
2024-10-16 00:00:00+01:00,VND,VND/USD,4.0120361518347636e-05,4.0176779293688014e-05,3.9999998989515007e-05,4.0120361518347636e-05,0
2024-10-17 00:00:00+01:00,VND,VND/USD,4.004805668955669e-05,4.004805668955669e-05,3.9698294131085277e-05,4.004805668955669e-05,0
2024-10-18 00:00:00+01:00,VND,VND/USD,3.9714057493256405e-05,3.976143125328235e-05,3.958828165195882e-05,3.9714057493256405e-05,0
2024-10-21 00:00:00+01:00,VND,VND/USD,3.976143125328235e-05,3.976143125328235e-05,3.9549140637973323e-05,3.976143125328235e-05,0
2024-10-22 00:00:00+01:00,VND,VND/USD,3.9549140637973323e-05,3.9549140637973323e-05,3.9385584386764094e-05,3.9549140637973323e-05,0
2024-10-23 00:00:00+01:00,VND,VND/USD,3.9385584386764094e-05,3.941663453588262e-05,3.9339101931545883e-05,3.9385584386764094e-05,0
2024-10-24 00:00:00+01:00,VND,VND/USD,3.937007932108827e-05,3.940110400435515e-05,3.93081754737068e-05,3.937007932108827e-05,0
2024-10-25 00:00:00+01:00,VND,VND/USD,3.939334419555962e-05,3.943995398003608e-05,3.9339101931545883e-05,3.939334419555962e-05,0
2024-10-28 00:00:00+00:00,VND,VND/USD,3.943995398003608e-05,3.946329889004119e-05,3.932363324565813e-05,3.943995398003608e-05,0
2024-10-29 00:00:00+00:00,VND,VND/USD,3.945551361539401e-05,3.9572616515215486e-05,3.945551361539401e-05,3.945551361539401e-05,0
2024-10-30 00:00:00+00:00,VND,VND/USD,3.953350460506044e-05,3.955696229240857e-05,3.937007932108827e-05,3.953350460506044e-05,0
2024-10-31 00:00:00+00:00,VND,VND/USD,3.955696229240857e-05,3.958828165195882e-05,3.945551361539401e-05,3.955696229240857e-05,0
2024-11-01 00:00:00+00:00,VND,VND/USD,3.9572616515215486e-05,3.960396134061739e-05,3.947888035327196e-05,3.9572616515215486e-05,0
2024-11-04 00:00:00+00:00,VND,VND/USD,3.955696229240857e-05,3.960396134061739e-05,3.948667290387675e-05,3.955696229240857e-05,0
2024-11-05 00:00:00+00:00,VND,VND/USD,3.951007602154277e-05,3.9549140637973323e-05,3.943217598134652e-05,3.951007602154277e-05,0
2024-11-06 00:00:00+00:00,VND,VND/USD,3.947888035327196e-05,3.947888035327196e-05,3.9354585169348866e-05,3.947888035327196e-05,0
2024-11-07 00:00:00+00:00,VND,VND/USD,3.941663453588262e-05,3.944773197872564e-05,3.9354585169348866e-05,3.941663453588262e-05,0
2024-11-08 00:00:00+00:00,VND,VND/USD,3.944773197872564e-05,3.958828165195882e-05,3.944773197872564e-05,3.944773197872564e-05,0
2024-11-11 00:00:00+00:00,VND,VND/USD,3.958828165195882e-05,3.960396134061739e-05,3.950227255700156e-05,3.958828165195882e-05,0
2024-11-12 00:00:00+00:00,VND,VND/USD,3.951007602154277e-05,3.952412953367457e-05,3.945551361539401e-05,3.951007602154277e-05,0
2024-11-13 00:00:00+00:00,VND,VND/USD,3.946329889004119e-05,3.947888035327196e-05,3.944462150684558e-05,3.946329889004119e-05,0
2024-11-14 00:00:00+00:00,VND,VND/USD,3.947888035327196e-05,3.947888035327196e-05,3.937783185392618e-05,3.947888035327196e-05,0
2024-11-15 00:00:00+00:00,VND,VND/USD,3.9385584386764094e-05,3.941663453588262e-05,3.9385584386764094e-05,3.9385584386764094e-05,0
2024-11-18 00:00:00+00:00,VND,VND/USD,3.940110400435515e-05,3.946485594497062e-05,3.9354585169348866e-05,3.940110400435515e-05,0
2024-11-19 00:00:00+00:00,VND,VND/USD,3.9362330426229164e-05,3.941663453588262e-05,3.9354585169348866e-05,3.9362330426229164e-05,0
2024-11-20 00:00:00+00:00,VND,VND/USD,3.937783185392618e-05,3.9385584386764094e-05,3.9346843550447375e-05,3.937783185392618e-05,0
2024-11-21 00:00:00+00:00,VND,VND/USD,3.9346843550447375e-05,3.9362330426229164e-05,3.932363324565813e-05,3.9346843550447375e-05,0
2024-11-22 00:00:00+00:00,VND,VND/USD,3.9346843550447375e-05,3.9354585169348866e-05,3.9331367588602006e-05,3.9346843550447375e-05,0
2024-11-25 00:00:00+00:00,VND,VND/USD,3.934374763048254e-05,3.9385584386764094e-05,3.9346843550447375e-05,3.934374763048254e-05,0
2024-11-26 00:00:00+00:00,VND,VND/USD,3.9354585169348866e-05,3.937007932108827e-05,3.9339101931545883e-05,3.9354585169348866e-05,0
2024-11-27 00:00:00+00:00,VND,VND/USD,3.9362330426229164e-05,3.940886745112948e-05,3.9354585169348866e-05,3.9362330426229164e-05,0
2024-11-28 00:00:00+00:00,VND,VND/USD,3.940886745112948e-05,3.949446909246035e-05,3.937007932108827e-05,3.940886745112948e-05,0
2024-11-29 00:00:00+00:00,VND,VND/USD,3.943528645322658e-05,3.947108780266717e-05,3.943528645322658e-05,3.943528645322658e-05,0
2024-12-02 00:00:00+00:00,VND,VND/USD,3.9457070670323446e-05,3.943995398003608e-05,3.939334419555962e-05,3.9457070670323446e-05,0
2024-12-03 00:00:00+00:00,VND,VND/USD,3.941042086808011e-05,3.9457070670323446e-05,3.936852954211645e-05,3.941042086808011e-05,0
2024-12-04 00:00:00+00:00,VND,VND/USD,3.937783185392618e-05,3.943217598134652e-05,3.9362330426229164e-05,3.937783185392618e-05,0
2024-12-05 00:00:00+00:00,VND,VND/USD,3.937007932108827e-05,3.940110400435515e-05,3.937007932108827e-05,3.937007932108827e-05,0
2024-12-06 00:00:00+00:00,VND,VND/USD,3.9380931411869824e-05,3.943217598134652e-05,3.9380931411869824e-05,3.9380931411869824e-05,0
2024-12-09 00:00:00+00:00,VND,VND/USD,3.940886745112948e-05,3.943217598134652e-05,3.9385584386764094e-05,3.940886745112948e-05,0
2024-12-10 00:00:00+00:00,VND,VND/USD,3.941663453588262e-05,3.943217598134652e-05,3.940886745112948e-05,3.941663453588262e-05,0
2024-12-11 00:00:00+00:00,VND,VND/USD,3.943217598134652e-05,3.9457070670323446e-05,3.940110400435515e-05,3.943217598134652e-05,0
2024-12-12 00:00:00+00:00,VND,VND/USD,3.940110400435515e-05,3.943217598134652e-05,3.937317887903191e-05,3.940110400435515e-05,0
2024-12-13 00:00:00+00:00,VND,VND/USD,3.9379381632898e-05,3.940110400435515e-05,3.9362330426229164e-05,3.9379381632898e-05,0
2024-12-16 00:00:00+00:00,VND,VND/USD,3.937007932108827e-05,3.940110400435515e-05,3.937007932108827e-05,3.937007932108827e-05,0
2024-12-17 00:00:00+00:00,VND,VND/USD,3.939334419555962e-05,3.939334419555962e-05,3.932363324565813e-05,3.939334419555962e-05,0
2024-12-18 00:00:00+00:00,VND,VND/USD,3.932363324565813e-05,3.937783185392618e-05,3.929273225367069e-05,3.932363324565813e-05,0
2024-12-19 00:00:00+00:00,VND,VND/USD,3.930045204469934e-05,3.930045204469934e-05,3.927266880054958e-05,3.930045204469934e-05,0
2024-12-20 00:00:00+00:00,VND,VND/USD,3.929273225367069e-05,3.930045204469934e-05,3.92772963095922e-05,3.929273225367069e-05,0
2024-12-23 00:00:00+00:00,VND,VND/USD,3.930045204469934e-05,3.9339101931545883e-05,3.92772963095922e-05,3.930045204469934e-05,0
2024-12-24 00:00:00+00:00,VND,VND/USD,3.93081754737068e-05,3.9331367588602006e-05,3.92772963095922e-05,3.93081754737068e-05,0
2024-12-25 00:00:00+00:00,VND,VND/USD,3.9331367588602006e-05,3.9354585169348866e-05,3.929273225367069e-05,3.9331367588602006e-05,0
2024-12-26 00:00:00+00:00,VND,VND/USD,3.9339101931545883e-05,3.9354585169348866e-05,3.929736340069212e-05,3.9339101931545883e-05,0
2024-12-27 00:00:00+00:00,VND,VND/USD,3.9331367588602006e-05,3.9339101931545883e-05,3.9295817259699106e-05,3.9331367588602006e-05,0
2024-12-30 00:00:00+00:00,VND,VND/USD,3.930045204469934e-05,3.930045204469934e-05,3.925263081328012e-05,3.930045204469934e-05,0
2024-12-31 00:00:00+00:00,VND,VND/USD,3.925263081328012e-05,3.930045204469934e-05,3.9215687138494104e-05,3.925263081328012e-05,0
2025-01-02 00:00:00+00:00,VND,VND/USD,3.924646807718091e-05,3.930045204469934e-05,3.924646807718091e-05,3.924646807718091e-05,0
2025-01-03 00:00:00+00:00,VND,VND/USD,3.929273225367069e-05,3.937007932108827e-05,3.9285012462642044e-05,3.929273225367069e-05,0
2025-01-06 00:00:00+00:00,VND,VND/USD,3.937007932108827e-05,3.942440525861457e-05,3.929273225367069e-05,3.937007932108827e-05,0
2025-01-07 00:00:00+00:00,VND,VND/USD,3.941663453588262e-05,3.944773197872564e-05,3.9388687582686543e-05,3.941663453588262e-05,0
2025-01-08 00:00:00+00:00,VND,VND/USD,3.943217598134652e-05,3.943217598134652e-05,3.9385584386764094e-05,3.943217598134652e-05,0
2025-01-09 00:00:00+00:00,VND,VND/USD,3.941663453588262e-05,3.941663453588262e-05,3.939644739148207e-05,3.941663453588262e-05,0
2025-01-10 00:00:00+00:00,VND,VND/USD,3.940886745112948e-05,3.943217598134652e-05,3.940110400435515e-05,3.940886745112948e-05,0
2025-01-13 00:00:00+00:00,VND,VND/USD,3.943217598134652e-05,3.943217598134652e-05,3.9354585169348866e-05,3.943217598134652e-05,0
2025-01-14 00:00:00+00:00,VND,VND/USD,3.9385584386764094e-05,3.941663453588262e-05,3.9385584386764094e-05,3.9385584386764094e-05,0
2025-01-15 00:00:00+00:00,VND,VND/USD,3.940110400435515e-05,3.940886745112948e-05,3.9388687582686543e-05,3.940110400435515e-05,0
2025-01-16 00:00:00+00:00,VND,VND/USD,3.940886745112948e-05,3.942440525861457e-05,3.939799717045389e-05,3.940886745112948e-05,0
2025-01-17 00:00:00+00:00,VND,VND/USD,3.941663453588262e-05,3.951007602154277e-05,3.941663453588262e-05,3.941663453588262e-05,0
2025-01-20 00:00:00+00:00,VND,VND/USD,3.952569022658281e-05,3.9572616515215486e-05,3.949446909246035e-05,3.952569022658281e-05,0
2025-01-21 00:00:00+00:00,VND,VND/USD,3.950227255700156e-05,3.9619651943212375e-05,3.950227255700156e-05,3.950227255700156e-05,0
2025-01-22 00:00:00+00:00,VND,VND/USD,3.958828165195882e-05,3.992015990661457e-05,3.958828165195882e-05,3.958828165195882e-05,0
2025-01-23 00:00:00+00:00,VND,VND/USD,3.992015990661457e-05,4.001600609626621e-05,3.978516178904101e-05,3.992015990661457e-05,0
2025-01-24 00:00:00+00:00,VND,VND/USD,3.9872407796792686e-05,3.996802479377948e-05,3.981684130849317e-05,3.9872407796792686e-05,0
2025-01-27 00:00:00+00:00,VND,VND/USD,3.990422919741832e-05,3.990422919741832e-05,3.990422919741832e-05,3.990422919741832e-05,0
2025-01-28 00:00:00+00:00,VND,VND/USD,3.990422919741832e-05,3.990422919741832e-05,3.990422919741832e-05,3.990422919741832e-05,0
2025-01-29 00:00:00+00:00,VND,VND/USD,3.990422919741832e-05,3.990422919741832e-05,3.990422919741832e-05,3.990422919741832e-05,0
2025-01-30 00:00:00+00:00,VND,VND/USD,3.990422919741832e-05,3.990422919741832e-05,3.990422919741832e-05,3.990422919741832e-05,0
2025-01-31 00:00:00+00:00,VND,VND/USD,3.990422919741832e-05,3.990422919741832e-05,3.990422919741832e-05,3.990422919741832e-05,0
2025-02-03 00:00:00+00:00,VND,VND/USD,3.990422919741832e-05,3.996802479377948e-05,3.947888035327196e-05,3.990422919741832e-05,0
2025-02-04 00:00:00+00:00,VND,VND/USD,3.955696229240857e-05,3.976143125328235e-05,3.958044544560835e-05,3.955696229240857e-05,0
2025-02-05 00:00:00+00:00,VND,VND/USD,3.955696229240857e-05,3.9840637327870354e-05,3.9698294131085277e-05,3.955696229240857e-05,0
2025-02-06 00:00:00+00:00,VND,VND/USD,3.9769336581230164e-05,3.979307439294644e-05,3.958044544560835e-05,3.9769336581230164e-05,0
2025-02-07 00:00:00+00:00,VND,VND/USD,3.958828165195882e-05,3.958828165195882e-05,3.947888035327196e-05,3.958828165195882e-05,0
2025-02-10 00:00:00+00:00,VND,VND/USD,3.9541318983538076e-05,3.943217598134652e-05,3.9385584386764094e-05,3.9541318983538076e-05,0
2025-02-11 00:00:00+00:00,VND,VND/USD,3.940110400435515e-05,3.940110400435515e-05,3.9169604860944673e-05,3.940110400435515e-05,0
2025-02-12 00:00:00+00:00,VND,VND/USD,3.9169604860944673e-05,3.924646807718091e-05,3.9056398236425593e-05,3.9169604860944673e-05,0
2025-02-13 00:00:00+00:00,VND,VND/USD,3.9138943975558504e-05,3.939334419555962e-05,3.918495349353179e-05,3.9138943975558504e-05,0
2025-02-14 00:00:00+00:00,VND,VND/USD,3.93081754737068e-05,3.941663453588262e-05,3.9346843550447375e-05,3.93081754737068e-05,0
2025-02-17 00:00:00+00:00,VND,VND/USD,3.941663453588262e-05,3.940110400435515e-05,3.926187491742894e-05,3.941663453588262e-05,0
2025-02-18 00:00:00+00:00,VND,VND/USD,3.926187491742894e-05,3.944773197872564e-05,3.910833038389683e-05,3.926187491742894e-05,0
2025-02-19 00:00:00+00:00,VND,VND/USD,3.9215687138494104e-05,3.9231072150869295e-05,3.916806963388808e-05,3.9215687138494104e-05,0
2025-02-20 00:00:00+00:00,VND,VND/USD,3.9192633266793564e-05,3.9215687138494104e-05,3.9154267142293975e-05,3.9192633266793564e-05,0
2025-02-21 00:00:00+00:00,VND,VND/USD,3.9215687138494104e-05,3.92772963095922e-05,3.9154267142293975e-05,3.9215687138494104e-05,0
2025-02-24 00:00:00+00:00,VND,VND/USD,3.9200313040055335e-05,3.9269587432499975e-05,3.9200313040055335e-05,3.9200313040055335e-05,0
2025-02-25 00:00:00+00:00,VND,VND/USD,3.9264959923457354e-05,3.92772963095922e-05,3.917727735824883e-05,3.9264959923457354e-05,0
2025-02-26 00:00:00+00:00,VND,VND/USD,3.918495349353179e-05,3.924646807718091e-05,3.9138943975558504e-05,3.918495349353179e-05,0
2025-02-27 00:00:00+00:00,VND,VND/USD,3.9161936001619324e-05,3.9237227611010894e-05,3.9128222852014005e-05,3.9161936001619324e-05,0
2025-02-28 00:00:00+00:00,VND,VND/USD,3.918495349353179e-05,3.9169604860944673e-05,3.9114449464250356e-05,3.918495349353179e-05,0
2025-03-03 00:00:00+00:00,VND,VND/USD,3.9169604860944673e-05,3.9154267142293975e-05,3.9054870285326615e-05,3.9169604860944673e-05,0
2025-03-04 00:00:00+00:00,VND,VND/USD,3.910068335244432e-05,3.9154267142293975e-05,3.9088456105673686e-05,3.910068335244432e-05,0
2025-03-05 00:00:00+00:00,VND,VND/USD,3.9154267142293975e-05,3.924646807718091e-05,3.9138943975558504e-05,3.9154267142293975e-05,0
2025-03-06 00:00:00+00:00,VND,VND/USD,3.9231072150869295e-05,3.9339101931545883e-05,3.9231072150869295e-05,3.9231072150869295e-05,0
2025-03-07 00:00:00+00:00,VND,VND/USD,3.9238766476046294e-05,3.932363324565813e-05,3.914660555892624e-05,3.9238766476046294e-05,0
2025-03-10 00:00:00+00:00,VND,VND/USD,3.924646807718091e-05,3.924646807718091e-05,3.917727735824883e-05,3.924646807718091e-05,0
2025-03-11 00:00:00+00:00,VND,VND/USD,3.917727735824883e-05,3.93081754737068e-05,3.9200313040055335e-05,3.917727735824883e-05,0
2025-03-12 00:00:00+00:00,VND,VND/USD,3.929273225367069e-05,3.931590254069306e-05,3.924646807718091e-05,3.929273225367069e-05,0
2025-03-13 00:00:00+00:00,VND,VND/USD,3.930045204469934e-05,3.930045204469934e-05,3.9223377825692296e-05,3.930045204469934e-05,0
2025-03-14 00:00:00+00:00,VND,VND/USD,3.9231072150869295e-05,3.92772963095922e-05,3.917727735824883e-05,3.9231072150869295e-05,0
2025-03-17 00:00:00+00:00,VND,VND/USD,3.9215687138494104e-05,3.926187491742894e-05,3.909303995897062e-05,3.9215687138494104e-05,0
2025-03-18 00:00:00+00:00,VND,VND/USD,3.9200313040055335e-05,3.9200313040055335e-05,3.914660555892624e-05,3.9200313040055335e-05,0
2025-03-19 00:00:00+00:00,VND,VND/USD,3.9200313040055335e-05,3.917727735824883e-05,3.9154267142293975e-05,3.9200313040055335e-05,0
2025-03-20 00:00:00+00:00,VND,VND/USD,3.9161936001619324e-05,3.9154267142293975e-05,3.912669126293622e-05,3.9161936001619324e-05,0
2025-03-21 00:00:00+00:00,VND,VND/USD,3.914660555892624e-05,3.9154267142293975e-05,3.908540020347573e-05,3.914660555892624e-05,0
2025-03-24 00:00:00+00:00,VND,VND/USD,3.908540020347573e-05,3.9123631722759455e-05,3.898635623045266e-05,3.908540020347573e-05,0
2025-03-25 00:00:00+00:00,VND,VND/USD,3.9032005588524044e-05,3.9062499126885086e-05,3.8974198105279356e-05,3.9032005588524044e-05,0
2025-03-26 00:00:00+00:00,VND,VND/USD,3.9062499126885086e-05,3.9138943975558504e-05,3.901677700923756e-05,3.9062499126885086e-05,0
2025-03-27 00:00:00+00:00,VND,VND/USD,3.9131286030169576e-05,3.9138943975558504e-05,3.904724871972576e-05,3.9131286030169576e-05,0
2025-03-28 00:00:00+00:00,VND,VND/USD,3.9123631722759455e-05,3.9154267142293975e-05,3.909303995897062e-05,3.9123631722759455e-05,0
2025-03-31 00:00:00+01:00,VND,VND/USD,3.9138943975558504e-05,3.9169604860944673e-05,3.910068335244432e-05,3.9138943975558504e-05,0
2025-04-01 00:00:00+01:00,VND,VND/USD,3.9115977415349334e-05,3.9115977415349334e-05,3.900155934388749e-05,3.9115977415349334e-05,0
2025-04-02 00:00:00+01:00,VND,VND/USD,3.9032005588524044e-05,3.9062499126885086e-05,3.899091461789794e-05,3.9032005588524044e-05,0
2025-04-03 00:00:00+01:00,VND,VND/USD,3.9062499126885086e-05,3.9062499126885086e-05,3.8740170566597953e-05,3.9062499126885086e-05,0
2025-04-04 00:00:00+01:00,VND,VND/USD,3.9062499126885086e-05,3.909303995897062e-05,3.8740170566597953e-05,3.9062499126885086e-05,0
2025-04-07 00:00:00+01:00,VND,VND/USD,3.880481017404236e-05,3.878975985571742e-05,3.878975985571742e-05,3.880481017404236e-05,0
2025-04-08 00:00:00+01:00,VND,VND/USD,3.878975985571742e-05,3.878975985571742e-05,3.844823004328646e-05,3.878975985571742e-05,0
2025-04-09 00:00:00+01:00,VND,VND/USD,3.8468937418656424e-05,3.852080044453032e-05,3.8299502193694934e-05,3.8468937418656424e-05,0
2025-04-10 00:00:00+01:00,VND,VND/USD,3.852080044453032e-05,3.885003752657212e-05,3.852080044453032e-05,3.852080044453032e-05,0
2025-04-11 00:00:00+01:00,VND,VND/USD,3.888024730258621e-05,3.900155934388749e-05,3.885003752657212e-05,3.888024730258621e-05,0
2025-04-14 00:00:00+01:00,VND,VND/USD,3.888780702254735e-05,3.8908990973141044e-05,3.8711674278602004e-05,3.888780702254735e-05,0
2025-04-15 00:00:00+01:00,VND,VND/USD,3.8723668694728985e-05,3.8774720451328903e-05,3.858917989418842e-05,3.8723668694728985e-05,0
2025-04-16 00:00:00+01:00,VND,VND/USD,3.8774720451328903e-05,3.879427458741702e-05,3.861004006466828e-05,3.8774720451328903e-05,0
2025-04-17 00:00:00+01:00,VND,VND/USD,3.871467197313905e-05,3.871467197313905e-05,3.862644371110946e-05,3.871467197313905e-05,0
2025-04-22 00:00:00+01:00,VND,VND/USD,3.8653317460557446e-05,3.8653317460557446e-05,3.8485221011796966e-05,3.8653317460557446e-05,0
2025-04-23 00:00:00+01:00,VND,VND/USD,3.85623934562318e-05,3.85623934562318e-05,3.8463018427137285e-05,3.85623934562318e-05,0
2025-04-24 00:00:00+01:00,VND,VND/USD,3.851338260574266e-05,3.851338260574266e-05,3.8396559830289334e-05,3.851338260574266e-05,0
2025-04-25 00:00:00+01:00,VND,VND/USD,3.8423117075581104e-05,3.84615377697628e-05,3.838624252239242e-05,3.8423117075581104e-05,0
2025-04-28 00:00:00+01:00,VND,VND/USD,3.843345257337205e-05,3.8535647036042064e-05,3.8417212635977194e-05,3.843345257337205e-05,0
2025-04-29 00:00:00+01:00,VND,VND/USD,3.850596840493381e-05,3.8535647036042064e-05,3.847633706755005e-05,3.850596840493381e-05,0
2025-04-30 00:00:00+01:00,VND,VND/USD,3.849114727927372e-05,3.850596840493381e-05,3.849114727927372e-05,3.849114727927372e-05,0
2025-05-01 00:00:00+01:00,VND,VND/USD,3.849114727927372e-05,3.849114727927372e-05,3.849114727927372e-05,3.849114727927372e-05,0
2025-05-02 00:00:00+01:00,VND,VND/USD,3.849114727927372e-05,3.849114727927372e-05,3.849114727927372e-05,3.849114727927372e-05,0
2025-05-05 00:00:00+01:00,VND,VND/USD,3.849114727927372e-05,3.8565369322896004e-05,3.848077903967351e-05,3.849114727927372e-05,0
2025-05-06 00:00:00+01:00,VND,VND/USD,3.8547528674826026e-05,3.8554961065528914e-05,3.848818232654594e-05,3.8547528674826026e-05,0
2025-05-07 00:00:00+01:00,VND,VND/USD,3.853861562674865e-05,3.8617494283244014e-05,3.8510417653014883e-05,3.853861562674865e-05,0
2025-05-08 00:00:00+01:00,VND,VND/USD,3.853119051200338e-05,3.8547528674826026e-05,3.849114727927372e-05,3.853119051200338e-05,0
2025-05-09 00:00:00+01:00,VND,VND/USD,3.8522284739883617e-05,3.855050090351142e-05,3.8477817724924535e-05,3.8522284739883617e-05,0
2025-05-12 00:00:00+01:00,VND,VND/USD,3.853267480735667e-05,3.85713174182456e-05,3.8498557842103764e-05,3.853267480735667e-05,0
2025-05-13 00:00:00+01:00,VND,VND/USD,3.852080044453032e-05,3.858024865621701e-05,3.849114727927372e-05,3.852080044453032e-05,0
2025-05-14 00:00:00+01:00,VND,VND/USD,3.8534159102709964e-05,3.861004006466828e-05,3.851190194836818e-05,3.8534159102709964e-05,0
2025-05-15 00:00:00+01:00,VND,VND/USD,3.85742932849098e-05,3.8616002711933106e-05,3.8535647036042064e-05,3.85742932849098e-05,0
2025-05-16 00:00:00+01:00,VND,VND/USD,3.858024865621701e-05,3.862495213979855e-05,3.8565369322896004e-05,3.858024865621701e-05,0
2025-05-19 00:00:00+01:00,VND,VND/USD,3.858471245621331e-05,3.862495213979855e-05,3.8534159102709964e-05,3.858471245621331e-05,0
2025-05-20 00:00:00+01:00,VND,VND/USD,3.85623934562318e-05,3.85623934562318e-05,3.8514866901095957e-05,3.85623934562318e-05,0
2025-05-21 00:00:00+01:00,VND,VND/USD,3.8535647036042064e-05,3.861004006466828e-05,3.850596840493381e-05,3.8535647036042064e-05,0
2025-05-22 00:00:00+01:00,VND,VND/USD,3.8535647036042064e-05,3.854307215078734e-05,3.8492627936648205e-05,3.8535647036042064e-05,0
2025-05-23 00:00:00+01:00,VND,VND/USD,3.850151915685274e-05,3.8565369322896004e-05,3.8522284739883617e-05,3.850151915685274e-05,0
2025-05-26 00:00:00+01:00,VND,VND/USD,3.8541587855434045e-05,3.863987512886524e-05,3.8522284739883617e-05,3.8541587855434045e-05,0
2025-05-27 00:00:00+01:00,VND,VND/USD,3.86145111406222e-05,3.8653317460557446e-05,3.852822192129679e-05,3.86145111406222e-05,0
2025-05-28 00:00:00+01:00,VND,VND/USD,3.860556535073556e-05,3.860556535073556e-05,3.852080044453032e-05,3.860556535073556e-05,0
2025-05-29 00:00:00+01:00,VND,VND/USD,3.8535647036042064e-05,3.8535647036042064e-05,3.8396559830289334e-05,3.8535647036042064e-05,0
2025-05-30 00:00:00+01:00,VND,VND/USD,3.846745676128194e-05,3.8565369322896004e-05,3.8417212635977194e-05,3.846745676128194e-05,0
2025-06-02 00:00:00+01:00,VND,VND/USD,3.843345257337205e-05,3.850596840493381e-05,3.841278521576896e-05,3.843345257337205e-05,0
2025-06-03 00:00:00+01:00,VND,VND/USD,3.8429021515185013e-05,3.843345257337205e-05,3.835826646536589e-05,3.8429021515185013e-05,0
2025-06-04 00:00:00+01:00,VND,VND/USD,3.840540739474818e-05,3.843197555397637e-05,3.833620939985849e-05,3.840540739474818e-05,0
2025-06-05 00:00:00+01:00,VND,VND/USD,3.835679672192782e-05,3.8387715903809294e-05,3.8308306102408096e-05,3.835679672192782e-05,0
2025-06-06 00:00:00+01:00,VND,VND/USD,3.837887561530806e-05,3.8424590456997976e-05,3.8328860682668164e-05,3.837887561530806e-05,0
2025-06-09 00:00:00+01:00,VND,VND/USD,3.839213604805991e-05,3.843936065095477e-05,3.83273909392301e-05,3.839213604805991e-05,0
2025-06-10 00:00:00+01:00,VND,VND/USD,3.8424590456997976e-05,3.847633706755005e-05,3.840098361251876e-05,3.8424590456997976e-05,0
2025-06-11 00:00:00+01:00,VND,VND/USD,3.847633706755005e-05,3.847633706755005e-05,3.8424590456997976e-05,3.847633706755005e-05,0
2025-06-12 00:00:00+01:00,VND,VND/USD,3.844675302389078e-05,3.84615377697628e-05,3.8417212635977194e-05,3.844675302389078e-05,0
2025-06-13 00:00:00+01:00,VND,VND/USD,3.843197555397637e-05,3.843197555397637e-05,3.834944072877988e-05,3.843197555397637e-05,0
2025-06-16 00:00:00+01:00,VND,VND/USD,3.8387715903809294e-05,3.8423117075581104e-05,3.832151924143545e-05,3.8387715903809294e-05,0
2025-06-17 00:00:00+01:00,VND,VND/USD,3.8417212635977194e-05,3.8417212635977194e-05,3.8334739656420425e-05,3.8417212635977194e-05,0
2025-06-18 00:00:00+01:00,VND,VND/USD,3.835532334051095e-05,3.836562609649263e-05,3.831417780020274e-05,3.835532334051095e-05,0
2025-06-19 00:00:00+01:00,VND,VND/USD,3.832592483377084e-05,3.8343558117048815e-05,3.826872125500813e-05,3.832592483377084e-05,0
2025-06-20 00:00:00+01:00,VND,VND/USD,3.828044282272458e-05,3.830243440461345e-05,3.825554813374765e-05,3.828044282272458e-05,0
2025-06-23 00:00:00+01:00,VND,VND/USD,3.8286303606582806e-05,3.8286303606582806e-05,3.816065509454347e-05,3.8286303606582806e-05,0
2025-06-24 00:00:00+01:00,VND,VND/USD,3.818251207121648e-05,3.82833750336431e-05,3.818251207121648e-05,3.818251207121648e-05,0
2025-06-25 00:00:00+01:00,VND,VND/USD,3.824091618298553e-05,3.828483750112355e-05,3.821169229922816e-05,3.824091618298553e-05,0
2025-06-26 00:00:00+01:00,VND,VND/USD,3.824091618298553e-05,3.8328860682668164e-05,3.824091618298553e-05,3.824091618298553e-05,0
2025-06-27 00:00:00+01:00,VND,VND/USD,3.831417780020274e-05,3.836562609649263e-05,3.8262864109128714e-05,3.831417780020274e-05,0
2025-06-30 00:00:00+01:00,VND,VND/USD,3.8328860682668164e-05,3.839066266664304e-05,3.8277510611806065e-05,3.8328860682668164e-05,0
2025-07-01 00:00:00+01:00,VND,VND/USD,3.8287769712042063e-05,3.837298572761938e-05,3.824823215836659e-05,3.8287769712042063e-05,0
2025-07-02 00:00:00+01:00,VND,VND/USD,3.8299502193694934e-05,3.8328860682668164e-05,3.8214613596210256e-05,3.8299502193694934e-05,0
2025-07-03 00:00:00+01:00,VND,VND/USD,3.824091618298553e-05,3.824091618298553e-05,3.8125737773953006e-05,3.824091618298553e-05,0
2025-07-04 00:00:00+01:00,VND,VND/USD,3.8204394513741136e-05,3.824091618298553e-05,3.8124286220408976e-05,3.8204394513741136e-05,0
